id,risk,total revenue,prev accumulated,accumulated,amount to take
8650,,171031.25,165182,171032,5850
8658,,3575,3575,3575,0
8660,0,3656.25,3656.25,3656.25,0
8671,,32641.99,32642,32642,0
8672,,9630,9630,9630,0
8673,,24400,24400,24400,0
8674,,152972.63,44008,45092,1084
8675,,17325,34,34,0
8676,,58660,27823,29451,1628
8680,,15762.71,15763,15763,0
8681,-276,28799.99,28800,28800,0
8682,,28794,25299,25299,0
8683,-474.25,149797.91,149798,149798,0
8684,-240,37891.13,16116,16289,173
8691,,47249.03,47250,47250,0
8692,-200,36981.73,14655,14655,0
8693,,20000,19104,19104,0
8694,830.75,54185.13,54186,54186,0
8695,,39647.97,2779,2779,0
8702,,26000,20150,20350,200
8713,,49500,34756,36731,1975
8721,75,10020,6946,6946,0
9107,,9827,9827,9827,0
9128,,43360,29593,41071,11478
9137,,3422,2377,2377,0
9149,,1183,1183,1183,0
9166,,2600,2600,2600,0
9207,-80,8261,7229,7229,0
9210,,13103,4410,4410,0
9286,,14400,10980,11628,648
9294,,8279,7038,7038,0
9295,,3715,1858,1858,0
9380,,13690,4499,4499,0
9424,,11600,7531,8783,1252
9439,,41800,11906,15742,3836
9446,,15075,431,485,54
9456,,10200,9350,9350,0
9478,,7300,3955,4015,60
9480,,18253,5119,9312,4193
9547,,23624,3249,3360,111
9568,,1304,1087,1087,0
9611,,51304,11956,18920,6964
9612,,14000,80,80,0
9613,,40554,998,1925,927
9614,,20000,0,0,0
9653,,5250,4004,5054,1050
9654,,0,0,0,0
9778,,10150,2284,3553,1269
9862,,8100,0,0,0
9930,,0,0,0,0
8893,2.5,1100,1100,1100,0
8839,-68.25,12500,12500,12500,0
8842,146.1000061,7000,7000,7000,0
8843,63,1980,1980,1980,0
8845,-11,12000,12000,12000,0
8848,0,5280,2280,2280,0
8851,-29,2750,2750,2750,0
8852,-3.330001831,9600,9600,9600,0
8853,-781.5,55660.5,55660.5,55661,0.5
8854,-0.5,900,900,900,0
8857,369.5,40000,40000,40000,0
8858,104.5,3000,3000,3000,0
8859,-54.50999832,8250,8250,8250,0
8860,123.5,47500,47500,47500,0
8861,-0.5,2000,2000,2000,0
8862,-1,1600,1600,1600,0
8864,-55.25,13000,13000,13000,0
8865,-1,9945,9945,9945,0
8868,-2.5,13500,13500,13500,0
8869,19.90000153,5220,5220,5220,0
8870,-27.5,23500,23500,23500,0
8871,-14.5,3600,1800,1800,0
8872,-5.5,1950,975,975,0
8873,-5.419999957,11340,11340,11340,0
8875,0,6150,730.3125,731,0.6875
8876,72,7425,7425,7425,0
8877,50.04999995,6500,6500,6500,0
8878,0.5,1800,1800,1800,0
8879,-59,9900,9900,9900,0
8880,14.25,4095,4095,4095,0
8881,29.75,5000,5000,5000,0
8882,108,12562,12562,12562,0
8883,109.5,30000,30000,30000,0
8884,5.5,1125,1125,1125,0
8885,-9,1125,1125,1125,0
8886,24,2400,2400,2400,0
8888,6,2500,2500,2500,0
8891,8,650,650,650,0
8892,-17.67000002,7800,7800,7800,0
8894,1.75,1235,1235,1235,0
8895,0,1500,1500,1500,0
8986,-88.25,15280,15280,15280,0
8987,0,2475,1515.9375,1516,0.0625
8988,-3,1260,1260,1260,0
8993,-39,3000,3000,3000,0
8994,11.5,8887.5,8887.5,8888,0.5
9101,1,9350,9350,9350,0
9102,0.5,440,440,440,0
9103,35.5,27996,22032.43258,22033,0.56741573
9145,-9,1600,1600,1600,0
9171,-13,1300,1300,1300,0
9181,-49,6500,6500,6500,0
9194,-20,1350,1350,1350,0
9196,-11,1800,1800,1800,0
9242,16.75,6000,6000,6000,0
9243,73,2000,2000,2000,0
9245,7.170000002,6000,6000,6000,0
9270,0.5,2750,2750,2750,0
9276,11,2400,2400,2400,0
9283,0,960,960,960,0
9287,-1.5,1200,1200,1200,0
9338,-15.5,7000,7000,7000,0
9359,0,600,600,600,0
9407,,1800,262.5,263,0.5
9408,28.5,4800,4800,4800,0
9648,-1,1100,1100,1100,0
9908,,550,0,0,0
9676,,2000,2000,2000,0
9265,,2550,2550,2550,0
9150,-50,40500,27059,28746,1687
9175,-8,1200,1200,1200,0
9264,,4860,4860,4860,0
8813,50,17730,17730,17730,0
9174,8,1200,1200,1200,0
8812,105,20119,20119,20119,0
9177,8,1200,1200,1200,0
8810,,1050,1050,1050,0
8817,,1800,375,375,0
9178,,600,600,600,0
8814,,300,300,300,0
9176,,1020,680,680,0
8796,143,23400,23400,23400,0
8797,48,5000,5000,5000,0
9510,-24,17233,7675,9829,2154
9455,-180,47000,34979,42933,7954
9592,,2000,2000,2000,0
9803,-58,37450,4799,8163,3364
9927,,1170,0,1170,1170
8855,100,157086,70625.24256,72182.83419,1557.591627
8890,0,35100,32456.25,32821.875,365.625
9144,-300,98260,32871.30085,40851.45622,7980.155367
9195,0,107602,18333.76047,21798.95084,3465.190372
9383,-200,53545,15156.18421,23551.74812,8395.56391
9409,,9900,6651.5625,7548.75,897.1875
9496,,1755,1206.5625,1279.6875,73.125
9552,100,53280,7747.332626,17829.87157,10082.53895
9595,,8250,893.75,1443.75,550
9641,-31.5,6000,1837.5,6000,4162.5
9642,-10,6200,581.25,1969.791667,1388.541667
9644,,7735,3014.375,4877.03125,1862.65625
9645,-75,16160,336.6666667,5656,5319.333333
9682,,2200,0,2200,2200
9707,,24967,0,2453.404624,2453.404624
9729,-7,750,0,750,750
9776,,6630,0,690.625,690.625
9786,,22778,0,640.1311475,640.1311475
9826,,6240,0,1170,1170
9925,,1200,0,575,575
9907,,5100,0,510,510
9875,,1000,0,750,750
9865,,2280,0,2280,2280
9864,,4250,0,44.27083333,44.27083333
9828,,5000,0,52.08333333,52.08333333
9827,,5000,0,52.08333333,52.08333333
8887,,2500,2500,2500,0
8889,,2500,2500,2500,0
8819,,1200,,,
8815,,2640,,,
9251,-6,11250,,,
9804,,600,,,
9926,,1400,0,1400,1400
